begin,end,structure
0.0,1.003,silence
1.003,4.151,intro
4.151,24.646,verse
24.646,45.391999999999996,verse
45.391999999999996,59.199,bridge
59.199,80.0,verse_
80.0,100.984,verse_(solo)
100.984,114.79899999999999,bridge
114.79899999999999,135.695,verse
135.695,147.45,outro
147.45,152.52,silence
