begin,end,structure
0.0,0.41200000000000003,silence
0.41200000000000003,8.127,intro
8.127,43.803999999999995,verse
43.803999999999995,56.898,bridge
56.898,92.522,verse
92.522,120.505,bridge_with_ending
120.505,125.133,silence
