begin,end,structure
0.0,0.498,silence
0.498,25.971999999999998,verse
25.971999999999998,48.089,verse
48.089,65.887,bridge
65.887,88.155,verse
88.155,109.87700000000001,bridge
109.87700000000001,120.304,verse_outro
120.304,124.53299999999999,silence
