begin,end,structure
0.0,0.708,silence
0.708,9.67,intro
9.67,29.410999999999998,verse
29.410999999999998,36.037,chorus
36.037,57.711000000000006,verse
57.711000000000006,91.96600000000001,bridge
91.96600000000001,109.56299999999999,verse
109.56299999999999,144.201,bridge
144.201,159.51,verse
159.51,173.56,chorus
173.56,177.57299999999998,silence
