begin,end,structure
0.0,0.415,silence
0.415,15.07,refrain
15.07,38.531,verse
38.531,52.147,refrain
52.147,75.96600000000001,verse
75.96600000000001,89.551,refrain
89.551,106.665,bridge
106.665,120.415,refrain
120.415,129.19299999999998,outro
129.19299999999998,133.387,silence
