begin,end,structure
0.0,0.45899999999999996,silence
0.45899999999999996,3.878,intro
3.878,26.895,verse_(initial)
26.895,49.993,verse_(variant_1)
49.993,64.171,bridge
64.171,74.89,verse_(variant_2)
74.89,98.348,verse_(initial)
98.348,109.111,verse_(variant_2)
109.111,123.234,bridge
123.234,143.11700000000002,verse_(variant_2_with_ending)
143.11700000000002,147.76,silence
