begin,end,structure
0.0,0.38299999999999995,silence
0.38299999999999995,3.9139999999999997,intro
3.9139999999999997,14.547,refrain
14.547,26.947,verse
26.947,37.558,refrain
37.558,49.981,verse
49.981,57.144,bridge
57.144,67.869,refrain
67.869,78.503,refrain_(guitar_solo(
78.503,85.73899999999999,bridge
85.73899999999999,96.53,refrain
96.53,109.23,verse
109.23,123.069,refrain
123.069,127.56,silence
