begin,end,structure
0.0,0.414,silence
0.414,49.428999999999995,verse
49.428999999999995,94.389,verse
94.389,139.238,verse_(half_solo)
139.238,151.907,outro_(fade-out)
151.907,158.067,silence
