begin,end,structure
0.0,0.38299999999999995,silence
0.38299999999999995,7.332000000000001,intro
7.332000000000001,27.109,verse
27.109,47.015,verse
47.015,67.123,bridge
67.123,87.103,verse_(guitar_solo)
87.103,107.649,verse
107.649,128.114,bridge
128.114,142.763,outro_(fade-out)
142.763,147.507,silence
