begin,end,structure
0.0,0.42700000000000005,silence
0.42700000000000005,9.491,intro
9.491,26.004,verse
26.004,42.696000000000005,verse
42.696000000000005,53.88,refrain
53.88,72.16199999999999,verse
72.16199999999999,89.02,verse_(guitar_solo)
89.02,100.281,refrain
100.281,117.22,verse
117.22,130.322,outro
130.322,134.92,silence
