begin,end,structure
0.0,0.433,silence
0.433,7.675,intro
7.675,29.721999999999998,verse
29.721999999999998,51.836999999999996,verse
51.836999999999996,66.752,bridge
66.752,88.98,verse
88.98,103.79899999999999,bridge
103.79899999999999,126.008,verse
126.008,141.64700000000002,outro
141.64700000000002,146.493,silence
