begin,end,structure
0.0,0.46,silence
0.46,9.133,intro
9.133,24.910999999999998,refrain
24.910999999999998,42.744,verse
42.744,58.556999999999995,refrain
58.556999999999995,76.541,verse
76.541,92.4,refrain
92.4,110.37200000000001,verse
110.37200000000001,126.197,refrain
126.197,143.933,outro
143.933,147.667,silence
