begin,end,structure
0.0,0.465,silence
0.465,14.931,intro
14.931,41.958,verse
41.958,68.992,verse
68.992,80.441,bridge
80.441,103.60700000000001,verse
103.60700000000001,114.80799999999999,outro
114.80799999999999,119.333,silence
