begin,end,structure
0.0,0.536,silence
0.536,6.194,intro
6.194,23.201999999999998,verse
23.201999999999998,40.083,verse
40.083,62.443999999999996,bridge
62.443999999999996,79.279,verse
79.279,96.06700000000001,verse_half_solo
96.06700000000001,118.416,bridge
118.416,135.366,verse
135.366,144.18200000000002,outro
144.18200000000002,149.373,silence
