begin,end,structure
0.0,0.44,silence
0.44,3.81,intro
3.81,31.767,verse
31.767,59.99100000000001,verse
59.99100000000001,72.251,bridge
72.251,100.649,verse
100.649,112.90899999999999,bridge
112.90899999999999,141.493,verse
141.493,149.007,outro
149.007,152.57299999999998,silence
