begin,end,structure
0.0,2.612,silence
2.612,8.424,intro
8.424,20.41,versea
20.41,32.391999999999996,verseb
32.391999999999996,44.246,versea
44.246,56.111000000000004,verseb
56.111000000000004,71.192,bridge
71.192,83.209,versea
83.209,95.053,verseb
95.053,119.037,verseguitar
119.037,134.037,bridge
134.037,146.042,versea
146.042,172.062,verseb
172.062,175.8,silence
