begin,end,structure
0.0,0.42100000000000004,silence
0.42100000000000004,20.622,verse
20.622,31.546999999999997,refrain
31.546999999999997,51.075,verse
51.075,62.023,refrain
62.023,76.233,break
76.233,95.506,verse
95.506,106.454,refrain
106.454,115.01299999999999,outro
115.01299999999999,118.973,silence
