begin,end,structure
0.0,0.0,silence
0.0,0.429,bridge
0.429,5.178,intro
5.178,27.956999999999997,verse
27.956999999999997,40.391,bridge-1
40.391,63.497,verse
63.497,81.829,bridge-2
81.829,105.163,verse
105.163,117.859,bridge-1
117.859,131.52700000000002,verse
131.52700000000002,138.743,outro
138.743,140.547,silence
