begin,end,structure
0.0,0.445,silence
0.445,3.0389999999999997,intro
3.0389999999999997,22.808000000000003,verse
22.808000000000003,42.669,verse
42.669,52.751000000000005,bridge
52.751000000000005,72.61,verse
72.61,82.57600000000001,bridge
82.57600000000001,103.46799999999999,verse_(with_ending)
103.46799999999999,107.72,silence
