begin,end,structure
0.0,0.408,silence
0.408,3.984,intro
3.984,18.180999999999997,verse
18.180999999999997,32.531,verse
32.531,46.94,bridge
46.94,61.367,verse
61.367,75.7,verse_(half_guitar_solo)
75.7,90.18799999999999,bridge
90.18799999999999,106.40299999999999,verse
106.40299999999999,111.04,silence
