begin,end,structure
0.0,0.354,silence
0.354,14.582,intro_+_refrain_(second_half)
14.582,29.025,verse
29.025,43.595,verse
43.595,58.051,refrain
58.051,72.562,verse
72.562,87.14399999999999,refrain
87.14399999999999,101.75,verse
101.75,114.399,outro
114.399,118.68,silence
