begin,end,structure
0.0,0.377,silence
0.377,11.453,intro
11.453,32.662,verse
32.662,43.375,refrain
43.375,64.547,verse
64.547,75.305,refrain
75.305,96.897,solo_break_(half-verse_+_refrain)
96.897,118.375,verse
118.375,128.964,refrain
128.964,148.09799999999998,outro_(fade-out)
148.09799999999998,153.507,silence
