begin,end,structure
0.0,0.389,silence
0.389,18.992,intro
18.992,40.914,verse_(original)
40.914,73.869,verse_+_extention
73.869,106.99700000000001,verse_+_extention
106.99700000000001,129.289,verse_(original)
129.289,137.15,outro
137.15,142.02700000000002,silence
