begin,end,structure
0.0,1.072,silence
1.072,15.72,chorus
15.72,28.108,verse
28.108,42.365,chorus
42.365,56.63399999999999,bridge
56.63399999999999,69.25399999999999,verse
69.25399999999999,83.685,chorus
83.685,98.081,bridge
98.081,110.74799999999999,verse
110.74799999999999,119.85,chorus
119.85,130.012,outro
130.012,133.733,silence
