begin,end,structure
0.0,0.498,silence
0.498,6.607,intro
6.607,19.413,verse
19.413,32.114000000000004,verse
32.114000000000004,41.611000000000004,bridge
41.611000000000004,54.196000000000005,verse
54.196000000000005,73.142,break
73.142,82.559,bridge
82.559,95.191,verse
95.191,104.29700000000001,outro
104.29700000000001,108.0,silence
