begin,end,structure
0.0,0.41200000000000003,silence
0.41200000000000003,13.424000000000001,intro
13.424000000000001,34.694,verse
34.694,56.004,verse
56.004,69.12,bridge
69.12,90.331,verse
90.331,109.708,bridge_(solo)
109.708,137.945,verse_with_ending
137.945,142.76,silence
