begin,end,structure
0.0,0.414,silence
0.414,10.635,intro
10.635,24.938000000000002,verse
24.938000000000002,39.251,verse
39.251,53.685,bridge
53.685,68.027,verse
68.027,82.535,bridge
82.535,95.155,verse
95.155,106.54700000000001,outro
106.54700000000001,110.16,silence
