begin,end,structure
0.0,0.46,silence
0.46,15.027000000000001,intro
15.027000000000001,37.132,verse_refrain
37.132,59.424,verse_refrain
59.424,81.866,verse_refrain
81.866,96.75,break
96.75,119.20299999999999,verse_refrain
119.20299999999999,141.599,refrain
141.599,166.054,refrain
166.054,167.56,silence
