begin,end,structure
0.0,1.033,silence
1.033,32.949,verse
32.949,63.641000000000005,verse
63.641000000000005,94.25,bridge
94.25,124.78399999999999,verse
124.78399999999999,133.621,outro
133.621,137.827,silence
