begin,end,structure
0.0,0.46,silence
0.46,13.535,verse_a
13.535,26.759,verse_b
26.759,45.74100000000001,refrain
45.74100000000001,64.828,refrain_solo
64.828,78.35300000000001,verse_a
78.35300000000001,91.96,verse_b
91.96,111.302,refrain
111.302,124.84,outro
124.84,128.333,silence
