begin,end,structure
0.0,0.45899999999999996,silence
0.45899999999999996,14.663,intro
14.663,32.531,verse
32.531,50.427,verse
50.427,64.686,bridge
64.686,82.63600000000001,verse
82.63600000000001,96.87299999999999,bridge
96.87299999999999,114.823,verse
114.823,122.07,outro
122.07,125.73299999999999,silence
