begin,end,structure
0.0,0.429,silence
0.429,7.709,intro
7.709,35.12,verse
35.12,62.67100000000001,verse
62.67100000000001,80.15100000000001,bridge
80.15100000000001,108.016,verse
108.016,118.939,outro
118.939,123.37299999999999,silence
