begin,end,structure
0.0,0.41200000000000003,silence
0.41200000000000003,8.368,intro
8.368,23.855,refrain_a
23.855,39.389,verse
39.389,55.074,verse
55.074,70.643,refrain_a
70.643,86.31700000000001,verse
86.31700000000001,102.083,refrain_a
102.083,117.815,refrain_b
117.815,133.511,refrain_b
133.511,149.231,refrain_b_fade
149.231,151.592,refrain_b_fade
151.592,156.733,silence
