begin,end,structure
0.0,0.401,silence
0.401,2.363,intro
2.363,22.546999999999997,refrain
22.546999999999997,34.086,verse
34.086,54.343,refrain
54.343,65.722,verse
65.722,85.73100000000001,refrain
85.73100000000001,97.012,verse
97.012,117.14200000000001,refrain
117.14200000000001,128.429,verse
128.429,149.125,outro
149.125,153.733,silence
