begin,end,structure
0.0,0.44,silence
0.44,17.965,intro
17.965,35.624,verse_refrain
35.624,53.653999999999996,verse_refrain
53.653999999999996,71.708,verse_refrain
71.708,89.19200000000001,bridge
89.19200000000001,106.79299999999999,guitar_solo
106.79299999999999,124.8,verse_refrain
124.8,142.889,verse_refrain
142.889,163.425,refrain
163.425,167.627,silence
