begin,end,structure
0.0,0.42,silence
0.42,6.939,intro
6.939,25.320999999999998,refrain
25.320999999999998,37.631,verse
37.631,56.202,refrain
56.202,68.665,verse
68.665,87.385,refrain
87.385,102.946,bridge
102.946,125.71799999999999,refrain_with_ending
125.71799999999999,130.053,silence
