begin,end,structure
0.0,0.435,silence
0.435,9.131,intro
9.131,34.330999999999996,verse
34.330999999999996,54.631,verse_(variant)
54.631,71.91199999999999,bridge
71.91199999999999,95.99700000000001,verse
95.99700000000001,107.648,outro
107.648,112.867,silence
