begin,end,structure
0.0,0.406,silence
0.406,4.023,intro
4.023,33.414,verse
33.414,61.233999999999995,verse
61.233999999999995,75.137,bridge
75.137,103.073,verse
103.073,116.99600000000001,bridge
116.99600000000001,145.078,verse
145.078,153.483,outro
153.483,158.827,silence
