begin,end,structure
0.0,0.478,silence
0.478,8.368,intro
8.368,23.995,verse
23.995,39.61,verse
39.61,55.156000000000006,bridge
55.156000000000006,70.86399999999999,verse
70.86399999999999,86.60799999999999,verse_guitar_solo
86.60799999999999,102.235,bridge
102.235,117.943,verse
117.943,131.97299999999998,outro
131.97299999999998,136.733,silence
