begin,end,structure
0.0,0.41600000000000004,silence
0.41600000000000004,8.576,intro
8.576,38.499,verse
38.499,69.033,verse
69.033,96.571,bridge
96.571,127.23299999999999,verse
127.23299999999999,152.14700000000002,bridge_with_ending
152.14700000000002,153.267,silence
