begin,end,structure
0.0,0.418,silence
0.418,16.149,refrain
16.149,31.129,verse
31.129,46.196000000000005,refrain
46.196000000000005,61.216,verse
61.216,76.62,refrain
76.62,95.78,bridge
95.78,111.02600000000001,verse
111.02600000000001,126.63,refrain
126.63,134.142,outro
134.142,138.347,silence
