begin,end,structure
0.0,0.44,silence
0.44,13.978,intro
13.978,35.421,verse
35.421,47.867,refrain
47.867,69.78699999999999,verse
69.78699999999999,82.291,refrain
82.291,97.395,closing
97.395,109.74799999999999,bridge_re_intro
109.74799999999999,131.83100000000002,verse
131.83100000000002,144.613,refrain
144.613,159.718,closing
159.718,172.524,refrain
172.524,178.78099999999998,outro
178.78099999999998,182.893,silence
