begin,end,key or silence,key
0.0,0.38299999999999995,Silence,
0.38299999999999995,125.53,Key,E
125.53,129.56,Silence,
