begin,end,key or silence,key
0.0,0.546,Silence,
0.546,6.968999999999999,Key,D:minor
6.968999999999999,22.281999999999996,Key,C:minor
22.281999999999996,37.188,Key,D:minor
37.188,52.106,Key,C:minor
52.106,76.082,Key,D:minor
76.082,89.068,Key,E:minor
89.068,104.23899999999999,Key,C:minor
104.23899999999999,132.203,Key,D:minor
132.203,154.756,Key,E:minor
154.756,157.093,Silence,
