begin,end,key or silence,key
0.0,0.98,Silence,
0.98,70.49600000000001,Key,A
70.49600000000001,87.91799999999999,Key,C
87.91799999999999,115.61200000000001,Key,A
115.61200000000001,132.833,Key,C
132.833,162.922,Key,A
162.922,162.907,Silence,
