begin,end,key or silence,key
0.0,0.345,Silence,
0.345,11.206,Key,G
11.206,28.315,Key,E:minor
28.315,40.707,Key,G
40.707,57.735,Key,E:minor
57.735,70.189,Key,G
70.189,87.705,Key,E:minor
87.705,100.361,Key,G
100.361,118.01100000000001,Key,E:minor
118.01100000000001,151.047,Key,G
151.047,154.1,Key,E:minor
154.1,181.86700000000002,Silence,
