begin,end,key or silence,key
0.0,21.107,Key,C:minor
21.107,30.994,Key,Eb
30.994,50.968,Key,C:minor
50.968,90.55799999999999,Key,Eb
90.55799999999999,110.49700000000001,Key,C:minor
110.49700000000001,120.39200000000001,Key,Eb
120.39200000000001,140.351,Key,C:minor
140.351,153.86700000000002,Key,Eb
