begin,end,key or silence,key
0.0,0.245,Silence,
0.245,161.30700000000002,Key,A
161.30700000000002,161.30700000000002,Silence,
