begin,end,key or silence,key
0.0,0.35,Silence,
0.35,14.6,Key,C#:minor
14.6,43.607,Key,E
43.607,58.068999999999996,Key,C#:minor
58.068999999999996,72.548,Key,E
72.548,87.13600000000001,Key,C#:minor
87.13600000000001,114.305,Key,E
114.305,118.68,Silence,
