begin,end,key or silence,key
0.0,0.255,Silence,
0.255,32.4,Key,A
32.4,50.486999999999995,Key,Bb
50.486999999999995,93.705,Key,G
93.705,128.977,Key,Bb
128.977,153.825,Key,A
153.825,204.16,Key,G
204.16,208.44,Silence,
