begin,end,key or silence,key
0.0,8.51,Key,F:minor
8.51,33.216,Key,F
33.216,53.545,Key,F:minor
53.545,65.726,Key,F
65.726,85.931,Key,F:minor
85.931,98.05799999999999,Key,F
98.05799999999999,118.335,Key,F:minor
118.335,131.265,Key,F
131.265,139.894,Key,F:minor
139.894,162.373,Key,F
