begin,end,key or silence,key
0.0,0.375,Silence,
0.375,168.09900000000002,Key,E
168.09900000000002,171.16,Silence,
