begin,end,key or silence,key
0.0,0.258,Silence,
0.258,70.957,Key,C
70.957,98.396,Key,A
98.396,178.84900000000002,Key,C
178.84900000000002,183.0,Silence,
