begin,end,key or silence,key
0.0,59.466,Key,A:minor
59.466,73.329,Key,A
73.329,101.37799999999999,Key,A:minor
101.37799999999999,115.23299999999999,Key,A
115.23299999999999,158.827,Key,A:minor
