begin,end,key or silence,key
0.0,8.759,Key,A
8.759,16.149,Key,A:minor
16.149,31.129,Key,C
31.129,38.830999999999996,Key,A
38.830999999999996,46.196000000000005,Key,A:minor
46.196000000000005,61.216,Key,C
61.216,68.955,Key,A
68.955,76.62,Key,A:minor
76.62,111.02600000000001,Key,C
111.02600000000001,130.335,Key,A
130.335,134.049,Key,C
134.049,138.347,Silence,
