begin,end,key or silence,key
0.0,50.776,Key,A:minor
50.776,84.506,Key,A
84.506,150.69799999999998,Key,A:minor
150.69799999999998,184.049,Key,A
184.049,285.293,Key,A:minor
