begin,end,key or silence,key
0.0,0.4,Silence,
0.4,178.99900000000002,Key,A
178.99900000000002,182.893,Silence,
